timestamp,user_name,user_email,inbody_score,weight_lb,skeletal_muscle_lb,body_fat_lb,BMI,body_fat_percent,waist_hip_ratio,visceral_fat_level,bmr_kcal,soft_lean_lb
2025-12-22T08:18:00.000,Brent Bettis,brent.bettis@gmail.com,95,215.0,101.0,37.9,29.4,17.6,0.84,7,2104,166.5
2025-12-23T08:51:00.000,Brent Bettis,brent.bettis@gmail.com,94,214.1,99.9,38.6,29.3,18.0,0.85,7,2089,165.1
2025-12-24T08:28:00.000,Brent Bettis,brent.bettis@gmail.com,95,213.4,100.1,37.7,29.2,17.7,0.85,7,2092,165.1
2025-12-25T08:59:00.000,Brent Bettis,brent.bettis@gmail.com,97,214.1,102.1,35.3,29.3,16.5,0.83,7,2122,168.2
2025-12-26T09:08:00.000,Brent Bettis,brent.bettis@gmail.com,96,213.4,100.5,36.6,29.2,17.1,0.83,7,2102,166.5
2025-12-27T09:16:00.000,Brent Bettis,brent.bettis@gmail.com,97,212.8,101.0,34.8,29.1,16.4,0.82,7,2113,167.1
2025-12-28T09:29:00.000,Brent Bettis,brent.bettis@gmail.com,98,213.0,101.4,34.4,29.1,16.2,0.82,6,2120,167.8
2025-12-29T09:12:00.000,Brent Bettis,brent.bettis@gmail.com,97,212.8,101.2,35.3,29.1,16.6,0.83,7,2109,166.9
2025-12-30T09:16:00.000,Brent Bettis,brent.bettis@gmail.com,99,213.6,102.1,33.7,29.2,15.8,0.81,6,2133,169.1
2025-12-31T09:16:00.000,Brent Bettis,brent.bettis@gmail.com,99,214.1,102.7,33.3,29.3,15.5,0.81,6,2141,170.0
2026-01-01T09:52:00.000,Brent Bettis,brent.bettis@gmail.com,101,214.3,103.6,31.5,29.3,14.7,0.79,6,2161,172.0
2026-01-02T09:07:00.000,Brent Bettis,brent.bettis@gmail.com,98,213.4,101.6,34.2,29.2,16.0,0.80,6,2126,168.7
2026-01-03T09:16:00.000,Brent Bettis,brent.bettis@gmail.com,100,213.0,103.8,30.2,29.1,14.2,0.80,6,2161,171.7
2026-01-04T09:48:00.000,Brent Bettis,brent.bettis@gmail.com,99,212.5,102.1,32.4,29.1,15.3,0.80,6,2135,169.3
2026-01-05T08:43:00.000,Brent Bettis,brent.bettis@gmail.com,100,212.3,102.7,31.5,29.0,14.8,0.81,6,2141,170.2
2026-01-07T06:19:00.000,Brent Bettis,brent.bettis@gmail.com,99,211.0,102.7,30.6,28.9,14.5,0.80,6,2137,169.8
2026-01-08T06:36:00.000,Brent Bettis,brent.bettis@gmail.com,99,211.2,103.6,29.3,28.9,13.9,0.80,5,2152,171.1
2026-01-09T09:03:00.000,Brent Bettis,brent.bettis@gmail.com,99,210.0,102.5,30.2,28.7,14.4,0.81,6,2133,169.3
2026-01-10T09:34:00.000,Brent Bettis,brent.bettis@gmail.com,99,210.3,101.9,31.5,28.8,15.0,0.80,6,2122,168.0
2026-01-11T09:25:00.000,Brent Bettis,brent.bettis@gmail.com,99,210.5,102.3,30.4,28.8,14.5,0.79,6,2135,169.3
2026-01-12T08:28:00.000,Brent Bettis,brent.bettis@gmail.com,99,209.9,102.3,30.6,28.7,14.6,0.79,5,2126,168.7
2026-01-13T06:38:00.000,Brent Bettis,brent.bettis@gmail.com,98,208.6,103.2,27.8,28.5,13.3,0.79,5,2141,170.2
2026-01-14T06:35:00.000,Brent Bettis,brent.bettis@gmail.com,98,207.9,101.9,29.5,28.4,14.2,0.79,5,2117,168.0
2026-01-15T06:37:00.000,Brent Bettis,brent.bettis@gmail.com,98,207.7,100.8,30.6,28.4,14.8,0.80,6,2104,166.5
2026-01-16T08:56:00.000,Brent Bettis,brent.bettis@gmail.com,98,207.5,100.5,30.9,28.4,14.9,0.79,6,2100,166.0
2026-01-20T06:33:00.000,Brent Bettis,brent.bettis@gmail.com,98,207.9,102.7,27.3,28.4,13.2,0.78,5,2139,170.0
2026-01-21T06:33:00.000,Brent Bettis,brent.bettis@gmail.com,98,207.7,103.6,25.6,28.4,12.3,0.77,5,2125,171.5
2026-01-22T06:33:00.000,Brent Bettis,brent.bettis@gmail.com,97,206.8,103.0,26.0,28.3,12.6,0.77,5,2141,170.2
2026-01-23T07:25:00.000,Brent Bettis,brent.bettis@gmail.com,97,206.1,101.9,26.9,28.2,13.0,0.78,5,2126,168.7
2026-01-24T09:09:00.000,Brent Bettis,brent.bettis@gmail.com,97,206.4,102.1,27.3,28.2,13.3,0.78,5,2124,168.2
2026-01-25T09:05:00.000,Brent Bettis,brent.bettis@gmail.com,96,204.4,101.6,26.7,28.0,13.0,0.78,5,2111,167.3
2026-01-26T09:08:00.000,Brent Bettis,brent.bettis@gmail.com,97,204.6,100.5,28.2,28.0,13.8,0.78,5,2098,165.8
2026-01-27T08:33:00.000,Brent Bettis,brent.bettis@gmail.com,96,204.4,101.9,26.2,28.0,12.8,0.77,4,2115,167.6
